{"type":"footer","name":"Footer","sections":{"section_beBRk7":{"type":"section","blocks":{"group_Bz6TNR":{"type":"group","name":"t:names.group","settings":{"content_direction":"row","vertical_on_mobile":true,"horizontal_alignment":"flex-start","vertical_alignment":"center","align_baseline":false,"horizontal_alignment_flex_direction_column":"flex-start","vertical_alignment_flex_direction_column":"center","gap":12,"width":"fill","custom_width":100,"width_mobile":"fill","custom_width_mobile":100,"height":"fit","custom_height":100,"inherit_color_scheme":true,"color_scheme":"","background_media":"none","video_position":"cover","background_image_position":"cover","border":"none","border_width":1,"border_opacity":100,"border_radius":0,"toggle_overlay":false,"overlay_color":"#00000026","overlay_style":"solid","gradient_direction":"to top","link":"","open_in_new_tab":false,"placeholder":"","padding-block-start":0,"padding-block-end":0,"padding-inline-start":0,"padding-inline-end":0},"blocks":{"group_ihFf89":{"type":"group","name":"t:names.group","settings":{"content_direction":"row","vertical_on_mobile":true,"horizontal_alignment":"flex-start","vertical_alignment":"center","align_baseline":false,"horizontal_alignment_flex_direction_column":"flex-start","vertical_alignment_flex_direction_column":"center","gap":12,"width":"fill","custom_width":100,"width_mobile":"fill","custom_width_mobile":100,"height":"fit","custom_height":100,"inherit_color_scheme":true,"color_scheme":"","background_media":"none","video_position":"cover","background_image_position":"cover","border":"none","border_width":1,"border_opacity":100,"border_radius":0,"toggle_overlay":false,"overlay_color":"#00000026","overlay_style":"solid","gradient_direction":"to top","link":"","open_in_new_tab":false,"placeholder":"","padding-block-start":0,"padding-block-end":0,"padding-inline-start":0,"padding-inline-end":0},"blocks":{"group_mYTznM":{"type":"group","name":"t:names.group","settings":{"content_direction":"column","vertical_on_mobile":true,"horizontal_alignment":"flex-start","vertical_alignment":"center","align_baseline":false,"horizontal_alignment_flex_direction_column":"flex-start","vertical_alignment_flex_direction_column":"center","gap":12,"width":"fill","custom_width":100,"width_mobile":"fill","custom_width_mobile":100,"height":"fit","custom_height":100,"inherit_color_scheme":true,"color_scheme":"","background_media":"none","video_position":"cover","background_image_position":"cover","border":"none","border_width":1,"border_opacity":100,"border_radius":0,"toggle_overlay":false,"overlay_color":"#00000026","overlay_style":"solid","gradient_direction":"to top","link":"","open_in_new_tab":false,"placeholder":"","padding-block-start":0,"padding-block-end":0,"padding-inline-start":0,"padding-inline-end":0},"blocks":{"menu_xMtBXT":{"type":"menu","name":"t:names.menu","settings":{"menu":"main-menu","heading":"","menu_spacing":8,"show_as_accordion":false,"accordion_icon":"caret","accordion_dividers":false,"inherit_color_scheme":true,"color_scheme":"","heading_preset":"h3","link_preset":"paragraph","padding-block-start":0,"padding-block-end":0,"padding-inline-start":0,"padding-inline-end":0},"blocks":{}}},"block_order":["menu_xMtBXT"]},"group_yDqpKp":{"type":"group","name":"t:names.group","settings":{"content_direction":"column","vertical_on_mobile":true,"horizontal_alignment":"flex-start","vertical_alignment":"center","align_baseline":false,"horizontal_alignment_flex_direction_column":"flex-start","vertical_alignment_flex_direction_column":"center","gap":8,"width":"fill","custom_width":100,"width_mobile":"fill","custom_width_mobile":100,"height":"fit","custom_height":100,"inherit_color_scheme":true,"color_scheme":"","background_media":"none","video_position":"cover","background_image_position":"cover","border":"none","border_width":1,"border_opacity":100,"border_radius":0,"toggle_overlay":false,"overlay_color":"#00000026","overlay_style":"solid","gradient_direction":"to top","link":"","open_in_new_tab":false,"placeholder":"","padding-block-start":0,"padding-block-end":0,"padding-inline-start":0,"padding-inline-end":0},"blocks":{"button_Ma4JLz":{"type":"button","name":"t:names.button","settings":{"label":"About us","link":"","open_in_new_tab":false,"style_class":"link","width":"fit-content","custom_width":100,"width_mobile":"fit-content","custom_width_mobile":100},"blocks":{}},"button_e4pFdh":{"type":"button","name":"t:names.button","settings":{"label":"Return policy","link":"","open_in_new_tab":false,"style_class":"link","width":"fit-content","custom_width":100,"width_mobile":"fit-content","custom_width_mobile":100},"blocks":{}},"button_nEhLUK":{"type":"button","name":"t:names.button","settings":{"label":"Help & Questions","link":"","open_in_new_tab":false,"style_class":"link","width":"fit-content","custom_width":100,"width_mobile":"fit-content","custom_width_mobile":100},"blocks":{}},"menu_4kGYad":{"type":"menu","name":"t:names.menu","disabled":true,"settings":{"menu":"main-menu","heading":"","menu_spacing":12,"show_as_accordion":false,"accordion_icon":"caret","accordion_dividers":false,"inherit_color_scheme":true,"color_scheme":"","heading_preset":"h3","link_preset":"paragraph","padding-block-start":0,"padding-block-end":0,"padding-inline-start":0,"padding-inline-end":0},"blocks":{}}},"block_order":["button_Ma4JLz","button_e4pFdh","button_nEhLUK","menu_4kGYad"]}},"block_order":["group_mYTznM","group_yDqpKp"]},"group_mrT86p":{"type":"group","name":"t:names.group","settings":{"content_direction":"column","vertical_on_mobile":true,"horizontal_alignment":"flex-start","vertical_alignment":"center","align_baseline":false,"horizontal_alignment_flex_direction_column":"flex-start","vertical_alignment_flex_direction_column":"center","gap":12,"width":"fill","custom_width":100,"width_mobile":"fill","custom_width_mobile":100,"height":"fit","custom_height":100,"inherit_color_scheme":true,"color_scheme":"","background_media":"none","video_position":"cover","background_image_position":"cover","border":"none","border_width":1,"border_opacity":100,"border_radius":0,"toggle_overlay":false,"overlay_color":"#00000026","overlay_style":"solid","gradient_direction":"to top","link":"","open_in_new_tab":false,"placeholder":"","padding-block-start":0,"padding-block-end":0,"padding-inline-start":0,"padding-inline-end":0},"blocks":{"text_KW9HpT":{"type":"text","name":"t:names.heading","settings":{"text":"<h2>Stay Inspired<\/h2>","width":"fit-content","max_width":"normal","alignment":"left","type_preset":"h4","font":"var(--font-body--family)","font_size":"1rem","line_height":"normal","letter_spacing":"normal","case":"none","wrap":"pretty","color":"var(--color-foreground)","background":false,"background_color":"#00000026","corner_radius":0,"padding-block-start":0,"padding-block-end":0,"padding-inline-start":0,"padding-inline-end":0},"blocks":{}},"email_signup_dt8JXM":{"type":"email-signup","name":"t:names.email_signup","settings":{"width":"fill","custom_width":100,"inherit_color_scheme":true,"color_scheme":"","heading":"","heading_preset":"h3","border_style":"all","border_width":1,"border_radius":0,"input_type_preset":"paragraph","style_class":"button","display_type":"text","label":"Sign up","integrated_button":false,"button_type_preset":"paragraph","padding-block-start":0,"padding-block-end":0,"padding-inline-start":0,"padding-inline-end":0},"blocks":{}}},"block_order":["text_KW9HpT","email_signup_dt8JXM"]}},"block_order":["group_ihFf89","group_mrT86p"]},"group_cRC6jB":{"type":"group","name":"t:names.group","settings":{"content_direction":"column","vertical_on_mobile":true,"horizontal_alignment":"flex-start","vertical_alignment":"center","align_baseline":false,"horizontal_alignment_flex_direction_column":"flex-start","vertical_alignment_flex_direction_column":"center","gap":12,"width":"fill","custom_width":100,"width_mobile":"fill","custom_width_mobile":100,"height":"fit","custom_height":100,"inherit_color_scheme":true,"color_scheme":"","background_media":"none","video_position":"cover","background_image_position":"cover","border":"none","border_width":1,"border_opacity":100,"border_radius":0,"toggle_overlay":false,"overlay_color":"#00000026","overlay_style":"solid","gradient_direction":"to top","link":"","open_in_new_tab":false,"placeholder":"","padding-block-start":0,"padding-block-end":0,"padding-inline-start":0,"padding-inline-end":0},"blocks":{}}},"block_order":["group_Bz6TNR","group_cRC6jB"],"name":"t:names.custom_section","settings":{"content_direction":"column","vertical_on_mobile":true,"horizontal_alignment":"flex-start","vertical_alignment":"center","align_baseline":false,"horizontal_alignment_flex_direction_column":"flex-start","vertical_alignment_flex_direction_column":"center","gap":32,"section_width":"page-width","section_height":"","section_height_custom":50,"color_scheme":"scheme-3","background_media":"none","video_position":"cover","background_image_position":"cover","border":"none","border_width":1,"border_opacity":100,"border_radius":0,"toggle_overlay":false,"overlay_color":"#00000026","overlay_style":"solid","gradient_direction":"to top","padding-block-start":40,"padding-block-end":0}},"section_H6C7eR":{"type":"section","blocks":{"group_RJqrwj":{"type":"group","name":"t:names.group","settings":{"content_direction":"column","vertical_on_mobile":true,"horizontal_alignment":"flex-start","vertical_alignment":"center","align_baseline":false,"horizontal_alignment_flex_direction_column":"flex-start","vertical_alignment_flex_direction_column":"center","gap":12,"width":"fill","custom_width":100,"width_mobile":"fill","custom_width_mobile":100,"height":"fit","custom_height":100,"inherit_color_scheme":true,"color_scheme":"","background_media":"none","video_position":"cover","background_image_position":"cover","border":"none","border_width":1,"border_opacity":100,"border_radius":0,"toggle_overlay":false,"overlay_color":"#00000026","overlay_style":"solid","gradient_direction":"to top","link":"","open_in_new_tab":false,"placeholder":"","padding-block-start":0,"padding-block-end":0,"padding-inline-start":0,"padding-inline-end":0},"blocks":{"email_signup_AQXaFy":{"type":"email-signup","name":"t:names.email_signup","settings":{"width":"fill","custom_width":100,"inherit_color_scheme":true,"color_scheme":"","heading":"","heading_preset":"h3","border_style":"all","border_width":0,"border_radius":100,"input_type_preset":"paragraph","style_class":"button-unstyled","display_type":"text","label":"Sign up","integrated_button":true,"button_type_preset":"paragraph","padding-block-start":0,"padding-block-end":0,"padding-inline-start":0,"padding-inline-end":0},"blocks":{}}},"block_order":["email_signup_AQXaFy"]},"group_qKfdWX":{"type":"group","name":"t:names.group","settings":{"content_direction":"column","vertical_on_mobile":true,"horizontal_alignment":"flex-start","vertical_alignment":"center","align_baseline":false,"horizontal_alignment_flex_direction_column":"flex-start","vertical_alignment_flex_direction_column":"center","gap":12,"width":"fill","custom_width":100,"width_mobile":"fill","custom_width_mobile":100,"height":"fit","custom_height":100,"inherit_color_scheme":true,"color_scheme":"","background_media":"none","video_position":"cover","background_image_position":"cover","border":"none","border_width":1,"border_opacity":100,"border_radius":0,"toggle_overlay":false,"overlay_color":"#00000026","overlay_style":"solid","gradient_direction":"to top","link":"","open_in_new_tab":false,"placeholder":"","padding-block-start":0,"padding-block-end":0,"padding-inline-start":0,"padding-inline-end":0},"blocks":{}}},"block_order":["group_RJqrwj","group_qKfdWX"],"disabled":true,"name":"t:names.custom_section","settings":{"content_direction":"column","vertical_on_mobile":true,"horizontal_alignment":"flex-start","vertical_alignment":"center","align_baseline":false,"horizontal_alignment_flex_direction_column":"flex-start","vertical_alignment_flex_direction_column":"center","gap":32,"section_width":"page-width","section_height":"","section_height_custom":50,"color_scheme":"","background_media":"none","video_position":"cover","background_image_position":"cover","border":"none","border_width":1,"border_opacity":100,"border_radius":0,"toggle_overlay":false,"overlay_color":"#00000026","overlay_style":"solid","gradient_direction":"to top","padding-block-start":40,"padding-block-end":0}},"footer_utilities":{"type":"footer-utilities","blocks":{"block_3e891fb36c52":{"type":"footer-copyright","settings":{"show_powered_by":false,"font_size":"0.75rem","case":"none"},"blocks":{}},"block_cb4e91a35ec7":{"type":"footer-policy-list","disabled":true,"settings":{"font_size":"0.75rem","case":"none"},"blocks":{}},"block_ce9b3922bd5f":{"type":"social-links","settings":{"facebook_url":"","instagram_url":"https:\/\/www.instagram.com\/anything.styles\/","youtube_url":"","tiktok_url":"https:\/\/www.tiktok.com\/@shopify","twitter_url":"https:\/\/www.twitter.com","threads_url":"https:\/\/www.threads.net\/@shopify","linkedin_url":"","bluesky_url":"","snapchat_url":"","pinterest_url":"","tumblr_url":"","vimeo_url":"","custom_url":""},"blocks":{}}},"block_order":["block_3e891fb36c52","block_cb4e91a35ec7","block_ce9b3922bd5f"],"settings":{"section_width":"page-width","gap":24,"divider_thickness":1,"color_scheme":"scheme-3","padding-block-start":20,"padding-block-end":20}}},"order":["section_beBRk7","section_H6C7eR","footer_utilities"]}