{"sections":{"media_with_content_RVymQU":{"type":"media-with-content","blocks":{"media":{"type":"_media-without-appearance","static":true,"settings":{"media_type":"image","image":"shopify:\/\/shop_images\/WhatsApp_Image_2026-02-21_at_7.43.51_PM.jpg","link":"","video_loop":true,"video_autoplay":false,"image_position":"cover","video_position":"cover"},"blocks":{}},"content":{"type":"_content-without-appearance","static":true,"settings":{"horizontal_alignment_flex_direction_column":"flex-start","vertical_alignment_flex_direction_column":"flex-end","gap":15},"blocks":{"text_H46yFc":{"type":"text","name":"t:names.heading","settings":{"text":"<p><em><strong>The world belongs to those who dare to define their own style.<\/strong><\/em><\/p>","width":"fit-content","max_width":"normal","alignment":"left","type_preset":"custom","font":"var(--font-heading--family)","font_size":"5.5rem","line_height":"tight","letter_spacing":"tight","case":"none","wrap":"pretty","color":"var(--color-foreground-heading)","background":false,"background_color":"#00000026","corner_radius":0,"padding-block-start":0,"padding-block-end":0,"padding-inline-start":0,"padding-inline-end":40},"blocks":{}}},"block_order":["text_H46yFc"]}},"name":"t:names.editorial","settings":{"media_position":"right","media_width":"medium","media_height":"50svh","section_width":"full-width","extend_media":false,"color_scheme":"scheme-3","padding-block-start":0,"padding-block-end":0}},"layered_slideshow_ngkNHW":{"type":"layered-slideshow","blocks":{"layered_slide_xK66Lr":{"type":"_layered-slide","settings":{"media_type_1":"image","image_1":"shopify:\/\/shop_images\/WhatsApp_Image_2026-02-21_at_7.43.51_PM.jpg","content_direction":"column","vertical_on_mobile":true,"horizontal_alignment":"flex-start","vertical_alignment":"center","align_baseline":false,"horizontal_alignment_flex_direction_column":"center","vertical_alignment_flex_direction_column":"center","gap":12,"inherit_color_scheme":true,"color_scheme":"","toggle_overlay":false,"overlay_color":"#00000026","overlay_style":"solid","gradient_direction":"to top","padding-block-start":32,"padding-block-end":32,"padding-inline-start":32,"padding-inline-end":32},"blocks":{"text_4QBGNd":{"type":"text","name":"t:names.heading","settings":{"text":"<h2>New arrivals<\/h2>","width":"fit-content","max_width":"normal","alignment":"left","type_preset":"h2","font":"var(--font-body--family)","font_size":"1rem","line_height":"normal","letter_spacing":"normal","case":"none","wrap":"pretty","color":"var(--color-foreground)","background":false,"background_color":"#00000026","corner_radius":0,"padding-block-start":0,"padding-block-end":0,"padding-inline-start":0,"padding-inline-end":0},"blocks":{}},"text_97JdAn":{"type":"text","settings":{"text":"<h6>Introducing our latest products, made especially for the season.<\/h6>","width":"fit-content","max_width":"normal","alignment":"left","type_preset":"rte","font":"var(--font-body--family)","font_size":"1rem","line_height":"normal","letter_spacing":"normal","case":"none","wrap":"pretty","color":"var(--color-foreground)","background":false,"background_color":"#00000026","corner_radius":0,"padding-block-start":0,"padding-block-end":0,"padding-inline-start":0,"padding-inline-end":0},"blocks":{}},"button_ExJdey":{"type":"button","settings":{"label":"Shop now","link":"shopify:\/\/collections\/all","open_in_new_tab":false,"style_class":"button","width":"fit-content","custom_width":100,"width_mobile":"custom","custom_width_mobile":100},"blocks":{}}},"block_order":["text_4QBGNd","text_97JdAn","button_ExJdey"]},"layered_slide_JyiVXt":{"type":"_layered-slide","settings":{"media_type_1":"image","image_1":"shopify:\/\/shop_images\/WhatsApp_Image_2026-02-21_at_7.30.36_PM_a313f2b9-a617-4412-99d5-980e4c05e167.jpg","content_direction":"column","vertical_on_mobile":true,"horizontal_alignment":"flex-start","vertical_alignment":"center","align_baseline":false,"horizontal_alignment_flex_direction_column":"center","vertical_alignment_flex_direction_column":"flex-start","gap":12,"inherit_color_scheme":true,"color_scheme":"","toggle_overlay":false,"overlay_color":"#00000026","overlay_style":"solid","gradient_direction":"to top","padding-block-start":32,"padding-block-end":32,"padding-inline-start":32,"padding-inline-end":32},"blocks":{"text_XBHLHY":{"type":"text","name":"t:names.heading","settings":{"text":"<h2>Bestsellers<\/h2>","width":"100%","max_width":"normal","alignment":"center","type_preset":"h2","font":"var(--font-body--family)","font_size":"1rem","line_height":"normal","letter_spacing":"normal","case":"none","wrap":"pretty","color":"var(--color-foreground)","background":false,"background_color":"#00000026","corner_radius":0,"padding-block-start":0,"padding-block-end":0,"padding-inline-start":0,"padding-inline-end":0},"blocks":{}},"text_cFXHWK":{"type":"text","settings":{"text":"<p>Discover the bestsellers that have captured the hearts of our customers with their perfect blend of functionality and style.<\/p>","width":"100%","max_width":"normal","alignment":"center","type_preset":"rte","font":"var(--font-body--family)","font_size":"1rem","line_height":"normal","letter_spacing":"normal","case":"none","wrap":"pretty","color":"var(--color-foreground)","background":false,"background_color":"#00000026","corner_radius":0,"padding-block-start":0,"padding-block-end":0,"padding-inline-start":0,"padding-inline-end":0},"blocks":{}},"button_6fctVq":{"type":"button","settings":{"label":"Shop now","link":"shopify:\/\/collections\/all","open_in_new_tab":false,"style_class":"button","width":"fit-content","custom_width":100,"width_mobile":"fit-content","custom_width_mobile":100},"blocks":{}}},"block_order":["text_XBHLHY","text_cFXHWK","button_6fctVq"]},"layered_slide_RrarGr":{"type":"_layered-slide","settings":{"media_type_1":"image","image_1":"shopify:\/\/shop_images\/other-minimal-4.jpg","content_direction":"column","vertical_on_mobile":true,"horizontal_alignment":"flex-start","vertical_alignment":"center","align_baseline":false,"horizontal_alignment_flex_direction_column":"center","vertical_alignment_flex_direction_column":"flex-start","gap":12,"inherit_color_scheme":true,"color_scheme":"","toggle_overlay":false,"overlay_color":"#00000026","overlay_style":"solid","gradient_direction":"to top","padding-block-start":32,"padding-block-end":32,"padding-inline-start":32,"padding-inline-end":32},"blocks":{"text_96WkLi":{"type":"text","name":"t:names.heading","settings":{"text":"<h2>Featured collection<\/h2>","width":"100%","max_width":"normal","alignment":"center","type_preset":"h2","font":"var(--font-body--family)","font_size":"1rem","line_height":"normal","letter_spacing":"normal","case":"none","wrap":"pretty","color":"var(--color-foreground-heading)","background":true,"background_color":"#00000026","corner_radius":16,"padding-block-start":0,"padding-block-end":0,"padding-inline-start":0,"padding-inline-end":0},"blocks":{}},"text_Pdtfrp":{"type":"text","settings":{"text":"<p>Discover our curated collection launching soon<\/p>","width":"100%","max_width":"normal","alignment":"center","type_preset":"rte","font":"var(--font-body--family)","font_size":"1rem","line_height":"normal","letter_spacing":"normal","case":"none","wrap":"pretty","color":"var(--color-foreground)","background":false,"background_color":"#00000026","corner_radius":0,"padding-block-start":0,"padding-block-end":0,"padding-inline-start":0,"padding-inline-end":0},"blocks":{}},"button_jX4YLm":{"type":"button","settings":{"label":"Shop now","link":"shopify:\/\/collections\/all","open_in_new_tab":false,"style_class":"button","width":"fit-content","custom_width":100,"width_mobile":"fit-content","custom_width_mobile":100},"blocks":{}}},"block_order":["text_96WkLi","text_Pdtfrp","button_jX4YLm"]}},"block_order":["layered_slide_xK66Lr","layered_slide_JyiVXt","layered_slide_RrarGr"],"name":"t:names.layered_slideshow","settings":{"section_width":"page-width","height":"small","corner_radius":20,"border_width":4,"color_scheme":"scheme-3","padding-block-start":40,"padding-block-end":40}},"1771680998eb6c4ea5":{"type":"_blocks","settings":{"content_direction":"column","vertical_on_mobile":true,"horizontal_alignment":"flex-start","vertical_alignment":"center","align_baseline":false,"horizontal_alignment_flex_direction_column":"flex-start","vertical_alignment_flex_direction_column":"center","gap":12,"section_width":"page-width","section_height":"","section_height_custom":50,"color_scheme":"","background_media":"none","video_position":"cover","background_image_position":"cover","border":"none","border_width":1,"border_opacity":100,"border_radius":0,"toggle_overlay":false,"overlay_color":"#00000026","overlay_style":"solid","gradient_direction":"to top","padding-block-start":0,"padding-block-end":0}},"product_list_themegen":{"type":"product-list","blocks":{"static-header":{"type":"_product-list-content","name":"t:names.header","disabled":true,"static":true,"settings":{"content_direction":"row","vertical_on_mobile":false,"horizontal_alignment":"center","vertical_alignment":"center","align_baseline":true,"horizontal_alignment_flex_direction_column":"flex-start","vertical_alignment_flex_direction_column":"center","gap":12,"width":"fill","custom_width":100,"width_mobile":"fill","custom_width_mobile":100,"height":"fit","custom_height":100,"inherit_color_scheme":true,"color_scheme":"","background_media":"none","video_position":"cover","background_image_position":"cover","border":"none","border_width":1,"border_opacity":100,"border_radius":0,"padding-block-start":0,"padding-block-end":0,"padding-inline-start":0,"padding-inline-end":0},"blocks":{"product_list_text_Bd9pVh":{"type":"_product-list-text","name":"t:names.collection_title","settings":{"text":"<h3>Featured products<\/h3>","width":"fit-content","max_width":"normal","alignment":"left","type_preset":"rte","font":"var(--font-body--family)","font_size":"","line_height":"normal","letter_spacing":"normal","case":"none","wrap":"pretty","color":"","background":false,"background_color":"#00000026","corner_radius":0,"padding-block-start":0,"padding-block-end":0,"padding-inline-start":0,"padding-inline-end":0},"blocks":{}}},"block_order":["product_list_text_Bd9pVh"]},"static-product-card":{"type":"_product-card","name":"t:names.product_card","static":true,"settings":{"product_card_gap":8,"inherit_color_scheme":true,"color_scheme":"","border":"none","border_width":1,"border_opacity":100,"border_radius":32,"padding-block-start":0,"padding-block-end":0,"padding-inline-start":0,"padding-inline-end":0},"blocks":{"product_card_gallery_PhczVC":{"type":"_product-card-gallery","name":"t:names.product_card_media","settings":{"image_ratio":"square","border":"solid","border_width":0,"border_opacity":62,"border_radius":32,"padding-block-start":0,"padding-block-end":0,"padding-inline-start":0,"padding-inline-end":0},"blocks":{}},"group_McqFAT":{"type":"_product-card-group","name":"t:names.group","settings":{"content_direction":"column","vertical_on_mobile":true,"horizontal_alignment":"flex-start","vertical_alignment":"center","align_baseline":false,"horizontal_alignment_flex_direction_column":"flex-start","vertical_alignment_flex_direction_column":"center","gap":0,"width":"fill","custom_width":100,"width_mobile":"fill","custom_width_mobile":100,"height":"fit","custom_height":100,"inherit_color_scheme":true,"color_scheme":"","background_media":"none","video_position":"cover","background_image_position":"cover","border":"none","border_width":1,"border_opacity":100,"border_radius":0,"toggle_overlay":false,"overlay_color":"#00000026","overlay_style":"solid","gradient_direction":"to top","link":"","open_in_new_tab":false,"padding-block-start":0,"padding-block-end":0,"padding-inline-start":0,"padding-inline-end":0},"blocks":{"text_MEKzFi":{"type":"text","name":"t:names.text","settings":{"text":"<h5>Mens Wear<\/h5>","width":"100%","max_width":"normal","alignment":"left","type_preset":"custom","font":"var(--font-heading--family)","font_size":"1.5rem","line_height":"normal","letter_spacing":"normal","case":"none","wrap":"pretty","color":"","background":false,"background_color":"#00000026","corner_radius":0,"padding-block-start":0,"padding-block-end":0,"padding-inline-start":0,"padding-inline-end":0},"blocks":{}},"price_37riDf":{"type":"price","name":"t:names.product_price","settings":{"show_sale_price_first":true,"show_installments":false,"show_tax_info":false,"type_preset":"paragraph","width":"100%","alignment":"left","font":"var(--font-body--family)","font_size":"1rem","line_height":"normal","letter_spacing":"normal","case":"none","color":"var(--color-foreground)","padding-block-start":0,"padding-block-end":0,"padding-inline-start":0,"padding-inline-end":0},"blocks":{}},"swatches_87VJC8":{"type":"swatches","name":"t:names.swatches","settings":{"product_swatches_alignment":"flex-start","product_swatches_alignment_mobile":"flex-start","hide_padding":false,"product_swatches_padding_top":4,"product_swatches_padding_bottom":0,"product_swatches_padding_left":0,"product_swatches_padding_right":0},"blocks":{}}},"block_order":["text_MEKzFi","price_37riDf","swatches_87VJC8"]}},"block_order":["product_card_gallery_PhczVC","group_McqFAT"]}},"name":"t:names.products_grid","settings":{"collection":"other-example-products","layout_type":"editorial","carousel_on_mobile":true,"max_products":5,"columns":4,"mobile_columns":"1","mobile_card_size":"60cqw","columns_gap":40,"rows_gap":60,"icons_style":"arrow","icons_shape":"none","section_width":"page-width","horizontal_alignment":"flex-start","gap":30,"color_scheme":"scheme-3","padding-block-start":0,"padding-block-end":60}},"section_UpjyCL":{"type":"section","blocks":{"group_Q3JCUr":{"type":"group","settings":{"content_direction":"column","vertical_on_mobile":true,"horizontal_alignment":"flex-start","vertical_alignment":"center","align_baseline":false,"horizontal_alignment_flex_direction_column":"center","vertical_alignment_flex_direction_column":"space-between","gap":16,"width":"fill","custom_width":100,"width_mobile":"fill","custom_width_mobile":100,"height":"fill","custom_height":100,"inherit_color_scheme":false,"color_scheme":"scheme-2","background_media":"image","video_position":"cover","background_image":"shopify:\/\/shop_images\/other-minimal-4.jpg","background_image_position":"cover","border":"none","border_width":1,"border_opacity":100,"border_radius":0,"toggle_overlay":true,"overlay_color":"#00000094","overlay_style":"gradient","gradient_direction":"to bottom","link":"","open_in_new_tab":false,"placeholder":"","padding-block-start":40,"padding-block-end":40,"padding-inline-start":0,"padding-inline-end":0},"blocks":{"text_B96CeQ":{"type":"text","settings":{"text":"<h2>Inviting Aesthetics<\/h2>","width":"100%","max_width":"normal","alignment":"center","type_preset":"h4","font":"var(--font-body--family)","font_size":"1rem","line_height":"normal","letter_spacing":"normal","case":"none","wrap":"pretty","color":"var(--color-foreground)","background":false,"background_color":"#00000026","corner_radius":0,"padding-block-start":0,"padding-block-end":0,"padding-inline-start":0,"padding-inline-end":0},"blocks":{}},"button_tBGzW4":{"type":"button","settings":{"label":"Shop now","link":"shopify:\/\/collections\/all","open_in_new_tab":false,"style_class":"button","width":"fit-content","custom_width":100,"width_mobile":"fit-content","custom_width_mobile":100},"blocks":{}}},"block_order":["text_B96CeQ","button_tBGzW4"]},"group_bJKmfz":{"type":"group","settings":{"content_direction":"column","vertical_on_mobile":true,"horizontal_alignment":"flex-start","vertical_alignment":"center","align_baseline":false,"horizontal_alignment_flex_direction_column":"center","vertical_alignment_flex_direction_column":"space-between","gap":16,"width":"fill","custom_width":100,"width_mobile":"fill","custom_width_mobile":100,"height":"fill","custom_height":100,"inherit_color_scheme":false,"color_scheme":"scheme-2","background_media":"image","video_position":"cover","background_image":"shopify:\/\/shop_images\/other-minimal-1.jpg","background_image_position":"cover","border":"none","border_width":1,"border_opacity":100,"border_radius":0,"toggle_overlay":true,"overlay_color":"#00000099","overlay_style":"gradient","gradient_direction":"to bottom","link":"","open_in_new_tab":false,"placeholder":"","padding-block-start":40,"padding-block-end":40,"padding-inline-start":0,"padding-inline-end":0},"blocks":{"text_NHBb9V":{"type":"text","settings":{"text":"<h2>Artisan Craftsmanship<\/h2>","width":"100%","max_width":"normal","alignment":"center","type_preset":"h4","font":"var(--font-body--family)","font_size":"1rem","line_height":"normal","letter_spacing":"normal","case":"none","wrap":"pretty","color":"var(--color-foreground)","background":false,"background_color":"#00000026","corner_radius":0,"padding-block-start":0,"padding-block-end":0,"padding-inline-start":0,"padding-inline-end":0},"blocks":{}},"button_yRN4A4":{"type":"button","settings":{"label":"Shop now","link":"shopify:\/\/collections\/all","open_in_new_tab":false,"style_class":"button","width":"fit-content","custom_width":100,"width_mobile":"fit-content","custom_width_mobile":100},"blocks":{}}},"block_order":["text_NHBb9V","button_yRN4A4"]}},"block_order":["group_Q3JCUr","group_bJKmfz"],"name":"t:names.split_showcase","settings":{"content_direction":"row","vertical_on_mobile":true,"horizontal_alignment":"flex-start","vertical_alignment":"center","align_baseline":false,"horizontal_alignment_flex_direction_column":"flex-start","vertical_alignment_flex_direction_column":"center","gap":0,"section_width":"full-width","section_height":"large","section_height_custom":50,"color_scheme":"","background_media":"none","video_position":"cover","background_image_position":"cover","border":"none","border_width":1,"border_opacity":100,"border_radius":0,"toggle_overlay":false,"overlay_color":"#00000026","overlay_style":"solid","gradient_direction":"to top","padding-block-start":0,"padding-block-end":0}},"individual_product_card_theme_install":{"type":"media-with-content","blocks":{"media":{"type":"_media-without-appearance","static":true,"settings":{"media_type":"image","image":"shopify:\/\/shop_images\/other-minimal-3.jpg","link":"","video_loop":true,"video_autoplay":false,"image_position":"cover","video_position":"cover"},"blocks":{}},"content":{"type":"_content-without-appearance","static":true,"settings":{"horizontal_alignment_flex_direction_column":"center","vertical_alignment_flex_direction_column":"space-between","gap":24},"blocks":{"text_CbX8Vf":{"type":"text","name":"t:names.caption","settings":{"text":"<p>Bestseller<\/p>","width":"fit-content","max_width":"normal","alignment":"left","type_preset":"paragraph","font":"var(--font-body--family)","font_size":"1rem","line_height":"normal","letter_spacing":"normal","case":"none","wrap":"pretty","color":"var(--color-foreground)","background":false,"background_color":"#00000026","corner_radius":0,"padding-block-start":0,"padding-block-end":0,"padding-inline-start":0,"padding-inline-end":0},"blocks":{}},"product_card_HXtBaB":{"type":"product-card","name":"t:names.product_card","settings":{"product":"other-example-product-4","product_card_gap":16,"inherit_color_scheme":true,"color_scheme":"","border":"none","border_width":1,"border_opacity":100,"border_radius":0,"padding-block-start":0,"padding-block-end":0,"padding-inline-start":0,"padding-inline-end":0},"blocks":{"product_card_gallery_Epacck":{"type":"_product-card-gallery","settings":{"image_ratio":"square","border":"none","border_width":1,"border_opacity":100,"border_radius":0,"padding-block-start":0,"padding-block-end":0,"padding-inline-start":0,"padding-inline-end":0},"blocks":{}},"group_aFyAQ7":{"type":"group","settings":{"content_direction":"column","vertical_on_mobile":true,"horizontal_alignment":"flex-start","vertical_alignment":"center","align_baseline":false,"horizontal_alignment_flex_direction_column":"center","vertical_alignment_flex_direction_column":"center","gap":4,"width":"fill","custom_width":100,"width_mobile":"fill","custom_width_mobile":100,"height":"fit","custom_height":100,"inherit_color_scheme":true,"color_scheme":"","background_media":"none","video_position":"cover","background_image_position":"cover","border":"none","border_width":1,"border_opacity":100,"border_radius":0,"toggle_overlay":false,"overlay_color":"#00000026","overlay_style":"solid","gradient_direction":"to top","link":"","open_in_new_tab":false,"placeholder":"","padding-block-start":0,"padding-block-end":0,"padding-inline-start":0,"padding-inline-end":0},"blocks":{"text_xRqqrX":{"type":"text","settings":{"text":"<h4><strong>{{ closest.product.title }}<\/strong><\/h4>","width":"fit-content","max_width":"normal","alignment":"left","type_preset":"custom","font":"var(--font-heading--family)","font_size":"1.5rem","line_height":"normal","letter_spacing":"normal","case":"none","wrap":"pretty","color":"","background":false,"background_color":"#00000026","corner_radius":0,"padding-block-start":0,"padding-block-end":0,"padding-inline-start":0,"padding-inline-end":0},"blocks":{}},"price_cibJBK":{"type":"price","settings":{"show_sale_price_first":true,"show_installments":false,"show_tax_info":false,"type_preset":"paragraph","width":"100%","alignment":"center","font":"var(--font-body--family)","font_size":"1rem","line_height":"normal","letter_spacing":"normal","case":"none","color":"var(--color-foreground)","padding-block-start":0,"padding-block-end":0,"padding-inline-start":0,"padding-inline-end":0},"blocks":{}}},"block_order":["text_xRqqrX","price_cibJBK"]}},"block_order":["product_card_gallery_Epacck","group_aFyAQ7"]},"button_rcAMc7":{"type":"button","settings":{"label":"Shop now","link":"shopify:\/\/collections\/all","open_in_new_tab":false,"style_class":"link","width":"fit-content","custom_width":100,"width_mobile":"fit-content","custom_width_mobile":100},"blocks":{}}},"block_order":["text_CbX8Vf","product_card_HXtBaB","button_rcAMc7"]}},"name":"t:names.editorial","settings":{"media_position":"right","media_width":"wide","media_height":"80svh","section_width":"full-width","extend_media":true,"color_scheme":"scheme-3","padding-block-start":0,"padding-block-end":0}},"section_x8mrnx":{"type":"section","blocks":{"logo_bQceBH":{"type":"logo","name":"t:names.logo","disabled":true,"settings":{"inverse":false,"font":"heading","unit":"percent","percent_width":50,"pixel_height":48,"custom_mobile_size":false,"unit_mobile":"percent","percent_width_mobile":100,"pixel_height_mobile":120,"padding-block-start":0,"padding-block-end":0,"padding-inline-start":0,"padding-inline-end":0},"blocks":{}},"image_xBfQpr":{"type":"image","name":"t:names.image","settings":{"image":"shopify:\/\/shop_images\/other-minimal-2.jpg","link":"","image_ratio":"adapt","width":"custom","custom_width":30,"width_mobile":"fill","custom_width_mobile":100,"height":"fit","border":"none","border_width":1,"border_opacity":100,"border_radius":0,"padding-block-start":0,"padding-block-end":0,"padding-inline-start":0,"padding-inline-end":0},"blocks":{}},"text_eFMntb":{"type":"text","settings":{"text":"<p><strong>We believe in the power of color to evoke emotions and create inviting atmospheres.<\/strong><\/p>","width":"100%","max_width":"narrow","alignment":"center","type_preset":"h2","font":"var(--font-body--family)","font_size":"1rem","line_height":"normal","letter_spacing":"normal","case":"none","wrap":"pretty","color":"","background":false,"background_color":"#00000026","corner_radius":0,"padding-block-start":0,"padding-block-end":0,"padding-inline-start":0,"padding-inline-end":0},"blocks":{}},"button_TmU98M":{"type":"button","settings":{"label":"Shop now →","link":"shopify:\/\/collections\/all","open_in_new_tab":false,"style_class":"link","width":"fit-content","custom_width":100,"width_mobile":"fit-content","custom_width_mobile":100},"blocks":{}}},"block_order":["logo_bQceBH","image_xBfQpr","text_eFMntb","button_TmU98M"],"name":"t:names.pull_quote","settings":{"content_direction":"column","vertical_on_mobile":true,"horizontal_alignment":"center","vertical_alignment":"center","align_baseline":false,"horizontal_alignment_flex_direction_column":"center","vertical_alignment_flex_direction_column":"center","gap":64,"section_width":"page-width","section_height":"medium","section_height_custom":50,"color_scheme":"scheme-4","background_media":"none","video_position":"cover","background_image_position":"cover","border":"none","border_width":1,"border_opacity":100,"border_radius":0,"toggle_overlay":false,"overlay_color":"#00000026","overlay_style":"solid","gradient_direction":"to top","padding-block-start":80,"padding-block-end":64}}},"order":["media_with_content_RVymQU","layered_slideshow_ngkNHW","1771680998eb6c4ea5","product_list_themegen","section_UpjyCL","individual_product_card_theme_install","section_x8mrnx"]}